[{"model": "auth.user", "fields": {"password": "pbkdf2_sha256$1000000$snORFWZOOFcHjduJEpHF9C$tX95cs3JQPj6d7XHW/75+kK4Y6lYc9Nuijc9fHQME4g=", "last_login": "2025-12-24T09:08:02.895Z", "is_superuser": true, "username": "pavan", "first_name": "", "last_name": "", "email": "gpavankumar942@gmail.com", "is_staff": true, "is_active": true, "date_joined": "2025-06-17T16:50:49.473Z", "groups": [], "user_permissions": []}}, {"model": "auth.user", "fields": {"password": "pbkdf2_sha256$1000000$SkO0SHkJInuUE8kfU6Hp1W$QqfKjhpE68bd0Oy/P8y82pbjUyRA5mgbTwwP75iJncY=", "last_login": null, "is_superuser": false, "username": "pavankumar", "first_name": "", "last_name": "", "email": "gpavankumar943@gmail.com", "is_staff": false, "is_active": true, "date_joined": "2025-06-18T05:54:51.367Z", "groups": [], "user_permissions": []}}, {"model": "auth.user", "fields": {"password": "pbkdf2_sha256$1000000$c0VSez2FHKDwxJo59thcmT$PUwvDGYkkVmUyWbQjtCGmDN6x9zgzVg8WrYNXFnncPQ=", "last_login": null, "is_superuser": false, "username": "benjohn", "first_name": "", "last_name": "", "email": "benjohn123@gmail.com", "is_staff": false, "is_active": true, "date_joined": "2025-06-18T06:27:57.712Z", "groups": [], "user_permissions": []}}, {"model": "auth.user", "fields": {"password": "pbkdf2_sha256$1000000$MJoPJ0YKerD9wkU3e0sywU$wxThf3mF3JFsvOw2YVwRDXKkfJHCugSCLzbGVwU97gg=", "last_login": null, "is_superuser": false, "username": "lisavicari", "first_name": "", "last_name": "", "email": "gpavankumar336@gmail.com", "is_staff": false, "is_active": true, "date_joined": "2025-06-23T12:39:22.766Z", "groups": [], "user_permissions": []}}, {"model": "auth.user", "fields": {"password": "pbkdf2_sha256$1000000$iujFtzjEskCJ6uEuPai62K$BJrQ0K13XmkSfna30Qcpsc41QShdVFOGNQJXX672Fpc=", "last_login": null, "is_superuser": false, "username": "darkside", "first_name": "", "last_name": "", "email": "gpavankumar500@gmail.com", "is_staff": false, "is_active": true, "date_joined": "2025-06-26T06:33:16.365Z", "groups": [], "user_permissions": []}}, {"model": "auth.user", "fields": {"password": "pbkdf2_sha256$1000000$Hwx6NyQYn6FHj8m9GeYS78$8eLWciDcqC9El04TFzEBZxc6vsV2MgBvanLSiFN9y2Q=", "last_login": null, "is_superuser": false, "username": "wandavision", "first_name": "", "last_name": "", "email": "gpavankumar500@gmail.com", "is_staff": false, "is_active": true, "date_joined": "2025-06-26T07:13:51.460Z", "groups": [], "user_permissions": []}}, {"model": "auth.user", "fields": {"password": "pbkdf2_sha256$1000000$qLY3gRdjcmdvaWkErsCCbF$mKW2FVtjRJWB8ALztsOAV8AMcsCJqys9De92RSYMl+4=", "last_login": null, "is_superuser": false, "username": "prashanth432", "first_name": "", "last_name": "", "email": "prashanth.dumpeti@gmail.com", "is_staff": false, "is_active": true, "date_joined": "2025-10-07T12:23:22.016Z", "groups": [], "user_permissions": []}}, {"model": "sessions.session", "pk": "98bfong3ravtl8rgr5ane75pccepaees", "fields": {"session_data": ".eJxVjMsOwiAQRf-FtSE8bAGX7vsNZAZmpGogKe3K-O_apAvd3nPOfYkI21ri1mmJcxYXocXpd0NID6o7yHeotyZTq-syo9wVedAup5bpeT3cv4MCvXxrhfo8kBm1UWSzA698wmyCDxjAKmRLrN3IQOTZgmPjEytniDMb9IN4fwDmOziX:1v66kL:I4vCukQ_HxcEsJS0pJ2eLs-zBZeELneRdWP4TADrM5Q", "expire_date": "2025-10-21T12:24:49.136Z"}}, {"model": "sessions.session", "pk": "aun1zvs0f4dt2p55451nzvpyi8kpvjzs", "fields": {"session_data": ".eJxVjDsOwjAQRO_iGlmx4_WHkj5nsHb9wQFkS3FSIe5OIqWAZop5b-bNPG5r8VtPi58juzLBLr8dYXimeoD4wHpvPLS6LjPxQ-En7XxqMb1up_t3ULCXfU0W0ziorAmchSCdFqCECSlnQAlGJQckIxoTtJVDVBZwD1LGaSQ7ss8X2uM3jA:1uWqN1:HqJtSLNWHgCk6fi8T7OPJ4Cn5fVj9y6WbL0OgtBC7oY", "expire_date": "2025-07-16T05:50:59.103Z"}}, {"model": "sessions.session", "pk": "bb7ukzvlwq7rhx0idnrix2hmwdhzygf7", "fields": {"session_data": ".eJxVjDsOwjAQRO_iGlmx4_WHkj5nsHb9wQFkS3FSIe5OIqWAZop5b-bNPG5r8VtPi58juzLBLr8dYXimeoD4wHpvPLS6LjPxQ-En7XxqMb1up_t3ULCXfU0W0ziorAmchSCdFqCECSlnQAlGJQckIxoTtJVDVBZwD1LGaSQ7ss8X2uM3jA:1uRk3U:aM-3M16kf_aSVxOu2ltqbdD55XojvWLhaXcb1iiZYKU", "expire_date": "2025-07-02T04:05:44.703Z"}}, {"model": "sessions.session", "pk": "i74qc4kzxvzcrgnn4wprbuwk9cw6qa2m", "fields": {"session_data": ".eJxVjMsOwiAQRf-FtSE8bAGX7vsNZAZmpGogKe3K-O_apAvd3nPOfYkI21ri1mmJcxYXocXpd0NID6o7yHeotyZTq-syo9wVedAup5bpeT3cv4MCvXxrhfo8kBm1UWSzA698wmyCDxjAKmRLrN3IQOTZgmPjEytniDMb9IN4fwDmOziX:1vYKqg:AN5GuMu9wEn-2l5xjq9mYxy16z4fauUt4Qkgj542BdU", "expire_date": "2026-01-07T09:08:02.914Z"}}, {"model": "sessions.session", "pk": "ktt1tt86vd18ocscndoejlxe5lhzr9ju", "fields": {"session_data": ".eJxVjMsOwiAQRf-FtSE8bAGX7vsNZAZmpGogKe3K-O_apAvd3nPOfYkI21ri1mmJcxYXocXpd0NID6o7yHeotyZTq-syo9wVedAup5bpeT3cv4MCvXxrhfo8kBm1UWSzA698wmyCDxjAKmRLrN3IQOTZgmPjEytniDMb9IN4fwDmOziX:1v5RMO:parq0JAXhCJvT0SpkL9bdS66NbsvqfKahcfW99py9ps", "expire_date": "2025-10-19T16:13:20.352Z"}}, {"model": "sessions.session", "pk": "pgewl6ty9udgnw5adf4zj87mccyq55em", "fields": {"session_data": ".eJxVjDsOwjAQRO_iGlmx4_WHkj5nsHb9wQFkS3FSIe5OIqWAZop5b-bNPG5r8VtPi58juzLBLr8dYXimeoD4wHpvPLS6LjPxQ-En7XxqMb1up_t3ULCXfU0W0ziorAmchSCdFqCECSlnQAlGJQckIxoTtJVDVBZwD1LGaSQ7ss8X2uM3jA:1uYJEW:ZY_nkQACaEbOSQ0mZlblv7DaWXURpfwg9aQiede58tI", "expire_date": "2025-07-20T06:52:16.536Z"}}, {"model": "sessions.session", "pk": "v2vag3yo1q24nn9lik7j5vykddpqlbwh", "fields": {"session_data": ".eJxVjDsOwjAQRO_iGlmx4_WHkj5nsHb9wQFkS3FSIe5OIqWAZop5b-bNPG5r8VtPi58juzLBLr8dYXimeoD4wHpvPLS6LjPxQ-En7XxqMb1up_t3ULCXfU0W0ziorAmchSCdFqCECSlnQAlGJQckIxoTtJVDVBZwD1LGaSQ7ss8X2uM3jA:1ug1hZ:JLlAsxVqEtkjTnS7bATU7QrabcqPAPGBGKJj3NN8X1A", "expire_date": "2025-08-10T13:46:09.836Z"}}, {"model": "sessions.session", "pk": "z4138b7blmdwxddhcef82t77q9z5odyg", "fields": {"session_data": ".eJxVjMsOwiAQRf-FtSE8bAGX7vsNZAZmpGogKe3K-O_apAvd3nPOfYkI21ri1mmJcxYXocXpd0NID6o7yHeotyZTq-syo9wVedAup5bpeT3cv4MCvXxrhfo8kBm1UWSzA698wmyCDxjAKmRLrN3IQOTZgmPjEytniDMb9IN4fwDmOziX:1v5OCr:Up41lJa_94FNIG03Dbvj8dHaw4KWDMhDeDCh6ecRGao", "expire_date": "2025-10-19T12:51:17.184Z"}}, {"model": "sessions.session", "pk": "zzb7m221f37t05cngoghinuoq2aj56nz", "fields": {"session_data": ".eJxVjMsOwiAQRf-FtSE8bAGX7vsNZAZmpGogKe3K-O_apAvd3nPOfYkI21ri1mmJcxYXocXpd0NID6o7yHeotyZTq-syo9wVedAup5bpeT3cv4MCvXxrhfo8kBm1UWSzA698wmyCDxjAKmRLrN3IQOTZgmPjEytniDMb9IN4fwDmOziX:1vVqxu:fOEu_2xGFttINIYk-geaNW_Q6lTCQqndpXGMHB6DR2k", "expire_date": "2025-12-31T12:49:14.329Z"}}, {"model": "recipes.category", "pk": 1, "fields": {"name": "Breakfast"}}, {"model": "recipes.category", "pk": 2, "fields": {"name": "Lunch"}}, {"model": "recipes.category", "pk": 3, "fields": {"name": "Dinner"}}, {"model": "recipes.category", "pk": 4, "fields": {"name": "Snacks"}}, {"model": "recipes.category", "pk": 5, "fields": {"name": "Desserts"}}, {"model": "recipes.category", "pk": 6, "fields": {"name": "Street Food"}}, {"model": "recipes.recipe", "pk": 1, "fields": {"title": "Masala Dosa", "image": "recipes/masaladosa_BsM6OEf.jpeg", "description": "Crisp rice crepe filled with spicy potato mash.", "category": 1, "preparation_time": 10, "cooking_time": 34, "rating": "4.0", "process": "Soak rice and urad dal, grind to batter, and ferment overnight.\r\nBoil potatoes, mash them with sautΘed onions, green chillies, and spices.\r\nSpread batter on a hot tawa, drizzle oil, and cook dosa till crisp.\r\nPlace masala filling inside and fold the dosa.\r\nServe hot with coconut chutney and sambar.", "created_by": ["pavan"], "created_at": "2025-06-18T04:12:33.808Z", "price": "100.00", "is_public": false}}, {"model": "recipes.recipe", "pk": 4, "fields": {"title": "Aloo Paratha", "image": "recipes/alooparatha_L4G4ysc.jpg", "description": "Stuffed flatbread with spiced potato filling, served with curd.", "category": 1, "preparation_time": 25, "cooking_time": 15, "rating": "4.0", "process": "Knead wheat flour dough with salt and water, rest for 30 mins.\r\nMash boiled potatoes with green chillies, coriander, and spices.\r\nRoll dough, fill with potato mix, and seal edges.\r\nRoll again and roast on tawa with ghee or oil till golden spots.\r\nServe with curd and pickle.", "created_by": ["pavan"], "created_at": "2025-06-18T05:53:16.233Z", "price": "100.00", "is_public": false}}, {"model": "recipes.recipe", "pk": 5, "fields": {"title": "Chocolate Cake", "image": "recipes/cake.jpeg", "description": "A moist, fluffy and rich chocolate cake with a decadent chocolate buttercream frosting.", "category": 5, "preparation_time": 20, "cooking_time": 45, "rating": "4.1", "process": "Mix flour, cocoa powder, baking powder, and sugar in a bowl.\r\nWhisk eggs, milk, oil, and vanilla essence together.\r\nCombine wet and dry ingredients, fold in well.\r\nPour into a greased tin and bake at 180░C for 30û35 mins.\r\nCool, frost with chocolate ganache or icing, and serve.", "created_by": ["pavankumar"], "created_at": "2025-06-18T05:56:58.802Z", "price": "100.00", "is_public": true}}, {"model": "recipes.recipe", "pk": 6, "fields": {"title": "Poha", "image": "recipes/poha_fQdpmcc.jpg", "description": "Light, fluffy flattened rice tossed with onions and peanuts.", "category": 1, "preparation_time": 5, "cooking_time": 10, "rating": "3.8", "process": "Rinse poha, drain, and keep aside.\r\nHeat oil, add mustard, curry leaves, green chillies, and onions.\r\nAdd peanuts, turmeric, salt, and sautΘ well.\r\nMix in poha, toss gently, and cook for 2 minutes.\r\nGarnish with coriander and lemon juice, serve hot.", "created_by": ["pavankumar"], "created_at": "2025-06-18T05:57:42.989Z", "price": "100.00", "is_public": true}}, {"model": "recipes.recipe", "pk": 7, "fields": {"title": "Upma", "image": "recipes/upma.jpg", "description": "Savory semolina porridge cooked with veggies and spices.", "category": 1, "preparation_time": 5, "cooking_time": 20, "rating": "3.0", "process": "Dry roast rava (semolina) till aromatic, set aside.\r\nHeat oil, add mustard, urad dal, curry leaves, green chillies, and onions.\r\nPour water, salt, and bring to a boil.\r\nAdd rava gradually, stirring to avoid lumps.\r\nCook till water is absorbed, garnish with coriander.", "created_by": ["pavankumar"], "created_at": "2025-06-18T05:58:19.205Z", "price": "100.00", "is_public": true}}, {"model": "recipes.recipe", "pk": 8, "fields": {"title": "Pesarattu", "image": "recipes/pesarattu.jpeg", "description": "Green gram pancake served with ginger chutney.", "category": 1, "preparation_time": 10, "cooking_time": 25, "rating": "3.5", "process": "Soak green gram (moong dal) overnight, grind with ginger, green chillies, and salt.\r\nHeat a tawa, pour batter, and spread like dosa.\r\nSprinkle chopped onions and cumin seeds on top.\r\nDrizzle oil, cook both sides till crisp.\r\nServe hot with ginger chutney.", "created_by": ["pavankumar"], "created_at": "2025-06-18T05:58:40.633Z", "price": "100.00", "is_public": true}}, {"model": "recipes.recipe", "pk": 9, "fields": {"title": "Egg Bhurji", "image": "recipes/eggbhurji.jpg", "description": "Indian-style scrambled eggs with onions and spices.", "category": 4, "preparation_time": 10, "cooking_time": 15, "rating": "4.8", "process": "Heat oil, sautΘ onions, green chillies, and tomatoes.\r\nAdd spices like turmeric, chilli powder, and salt.\r\nBreak eggs directly into the pan, scramble well.\r\nCook till eggs turn soft and fluffy.\r\nGarnish with coriander and serve with roti or pav.", "created_by": ["pavankumar"], "created_at": "2025-06-18T05:58:59.703Z", "price": "100.00", "is_public": true}}, {"model": "recipes.recipe", "pk": 10, "fields": {"title": "Chole Kulche", "image": "recipes/cholekulche.jpg", "description": "Spicy chickpeas paired with soft flatbreads.", "category": 4, "preparation_time": 15, "cooking_time": 25, "rating": "4.0", "process": "Soak and pressure cook chickpeas with salt and tea bag till soft.\r\nSautΘ onions, ginger-garlic paste, tomatoes, and spices in oil.\r\nAdd cooked chole and simmer with garam masala and coriander.\r\nServe with soft, buttered kulchas.\r\nGarnish with onions, lemon wedges, and coriander.", "created_by": ["pavankumar"], "created_at": "2025-06-18T05:59:26.084Z", "price": "100.00", "is_public": true}}, {"model": "recipes.recipe", "pk": 11, "fields": {"title": "Pongal", "image": "recipes/pongal.jpeg", "description": "Creamy rice-lentil dish tempered with ghee and pepper.", "category": 4, "preparation_time": 15, "cooking_time": 20, "rating": "3.5", "process": "Dry roast moong dal lightly and wash with rice.\r\nPressure cook rice and dal with salt and lots of water till soft.\r\nTemper cumin, pepper, ginger, curry leaves, and cashews in ghee.\r\nAdd to cooked rice-dal mixture and mix well.\r\nServe hot with coconut chutney or sambar.", "created_by": ["pavankumar"], "created_at": "2025-06-18T05:59:45.917Z", "price": "100.00", "is_public": true}}, {"model": "recipes.recipe", "pk": 12, "fields": {"title": "Dhokla", "image": "recipes/dhokla.jpeg", "description": "Soft, fluffy steamed gram flour cake with mustard tempering.", "category": 1, "preparation_time": 10, "cooking_time": 25, "rating": "4.0", "process": "Mix besan (gram flour), curd, water, turmeric, and salt to a batter.\r\nAdd eno or baking soda before steaming for fluffiness.\r\nPour into greased plate and steam for 15û20 mins.\r\nTemper mustard seeds, green chillies, curry leaves in oil.\r\nPour tempering over dhokla, cut into pieces, and serve.", "created_by": ["pavankumar"], "created_at": "2025-06-18T06:00:10.397Z", "price": "100.00", "is_public": true}}, {"model": "recipes.recipe", "pk": 13, "fields": {"title": "Chocolate Silk", "image": "recipes/silk.jpeg", "description": "A delicious silk choclate that contains badam and khaju for extra taste.", "category": 5, "preparation_time": 20, "cooking_time": 40, "rating": "4.6", "process": "Melt dark chocolate and fresh cream together over a double boiler.\r\nWhisk till smooth, silky, and glossy.\r\nChill the mixture for a few hours to thicken.\r\nPipe or spoon into glasses and top with chocolate shavings.\r\nServe chilled as a rich dessert.", "created_by": ["benjohn"], "created_at": "2025-06-18T06:29:22.840Z", "price": "100.00", "is_public": true}}, {"model": "recipes.recipe", "pk": 14, "fields": {"title": "Butter Chicken", "image": "recipes/butterchicken_WzAAC39.jpg", "description": "Tender chicken cooked in creamy, spiced tomato gravy.", "category": 2, "preparation_time": 20, "cooking_time": 40, "rating": "4.5", "process": "Marinate chicken with curd, spices, and grill or fry till half done.\r\nSautΘ butter, ginger-garlic paste, and tomato puree till cooked.\r\nAdd spices, kasuri methi, cream, and cooked chicken.\r\nSimmer on low till chicken is tender and gravy thickens.\r\nGarnish with cream and coriander, serve with naan or rice.", "created_by": ["benjohn"], "created_at": "2025-06-18T06:35:27.152Z", "price": "100.00", "is_public": true}}, {"model": "recipes.recipe", "pk": 15, "fields": {"title": "Paneer Butter Masala", "image": "recipes/paneerbuttermasala_VIbHLlS.jpeg", "description": "Cottage cheese in a rich, buttery tomato sauce.", "category": 2, "preparation_time": 15, "cooking_time": 35, "rating": "4.0", "process": "SautΘ butter, onions, ginger-garlic paste, and tomatoes till soft.\r\nBlend to a smooth paste and cook with spices and cream.\r\nAdd paneer cubes and simmer for 5 minutes.\r\nSprinkle kasuri methi and garam masala.\r\nServe hot with roti, naan, or jeera rice.", "created_by": ["benjohn"], "created_at": "2025-06-18T06:36:10.351Z", "price": "100.00", "is_public": true}}, {"model": "recipes.recipe", "pk": 16, "fields": {"title": "Hyderabadi Biryani", "image": "recipes/biryani_Gg3loCq.png", "description": "Aromatic basmati rice cooked with marinated meat.", "category": 2, "preparation_time": 15, "cooking_time": 60, "rating": "5.0", "process": "Marinate chicken/mutton with curd, spices, and fried onions for 2 hours.\r\nParboil basmati rice with whole spices.\r\nLayer meat and rice in a biryani pot with mint, coriander, and saffron milk.\r\nSeal and dum-cook on low flame for 40û45 minutes.\r\nServe with mirchi ka salan and raita.", "created_by": ["benjohn"], "created_at": "2025-06-18T06:37:11.192Z", "price": "100.00", "is_public": true}}, {"model": "recipes.recipe", "pk": 18, "fields": {"title": "Fish Curry", "image": "recipes/fishcurry_DCascOk.jpeg", "description": "Tangy, spicy fish curry with tamarind base.", "category": 2, "preparation_time": 30, "cooking_time": 60, "rating": "5.0", "process": "Marinate fish with turmeric, salt, and chilli powder.\r\nSautΘ onions, ginger-garlic paste, and tomatoes till soft.\r\nAdd spices, water, tamarind pulp, and simmer.\r\nGently drop fish pieces and cook on low flame till done.\r\nGarnish with coriander and serve with rice.", "created_by": ["pavan"], "created_at": "2025-06-18T06:38:27.211Z", "price": "100.00", "is_public": true}}, {"model": "recipes.recipe", "pk": 19, "fields": {"title": "Palak Paneer", "image": "recipes/palakpaneer_ChnWVal.png", "description": "Cottage cheese cooked in smooth spinach gravy.", "category": 2, "preparation_time": 5, "cooking_time": 25, "rating": "3.8", "process": "Blanch spinach leaves, grind to a smooth paste.\r\nSautΘ onions, ginger-garlic paste, and tomatoes with spices.\r\nAdd spinach puree, cream, and simmer.\r\nAdd paneer cubes, cook for 5 minutes on low flame.\r\nServe with roti, naan, or rice.", "created_by": ["pavan"], "created_at": "2025-06-18T06:40:55.733Z", "price": "100.00", "is_public": true}}, {"model": "recipes.recipe", "pk": 20, "fields": {"title": "Gongura Chicken", "image": "recipes/gongurachicken1.jpg", "description": "Spicy chicken cooked with tangy sorrel leaves.", "category": 2, "preparation_time": 15, "cooking_time": 30, "rating": "4.8", "process": "Cook cleaned gongura (sorrel leaves) till soft, mash and keep aside.\r\nSautΘ onions, green chillies, ginger-garlic paste, and spices.\r\nAdd chicken pieces and cook till tender.\r\nMix in cooked gongura paste and simmer till masalas coat chicken.\r\nServe hot with rice or jowar roti.", "created_by": ["pavankumar"], "created_at": "2025-06-18T06:57:27.878Z", "price": "100.00", "is_public": true}}, {"model": "recipes.recipe", "pk": 21, "fields": {"title": "Veg Pulao", "image": "recipes/vegpulao.jpeg", "description": "Fragrant rice cooked with mixed vegetables and spices.", "category": 2, "preparation_time": 10, "cooking_time": 30, "rating": "4.4", "process": "Heat ghee/oil, fry whole spices and sliced onions.\r\nAdd mixed vegetables and sautΘ for 2 minutes.\r\nStir in soaked basmati rice and water, adjust salt.\r\nCook covered on low flame till rice is fluffy.\r\nGarnish with coriander and serve with raita.", "created_by": ["pavankumar"], "created_at": "2025-06-18T06:59:42.514Z", "price": "100.00", "is_public": true}}, {"model": "recipes.recipe", "pk": 22, "fields": {"title": "Chicken Chettinad", "image": "recipes/chickenchettinad_90XqQoH.jpeg", "description": "Fiery chicken curry with freshly ground masala.", "category": 2, "preparation_time": 15, "cooking_time": 35, "rating": "5.0", "process": "Dry roast coconut, fennel, pepper, cumin, cinnamon, and cloves, grind to a paste.\r\nSautΘ onions, ginger-garlic paste, and tomatoes till soft.\r\nAdd chicken pieces, turmeric, and chilli powder, cook till sealed.\r\nStir in ground masala paste, water, and simmer till chicken is tender.\r\nGarnish with coriander and serve hot with rice or dosa.", "created_by": ["pavankumar"], "created_at": "2025-06-18T07:01:02.101Z", "price": "100.00", "is_public": true}}, {"model": "recipes.recipe", "pk": 23, "fields": {"title": "Bagara Baingan", "image": "recipes/baigan_D5M0l4i.jpeg", "description": "Egg plants simmered in peanut-coconut sesame gravy.", "category": 2, "preparation_time": 15, "cooking_time": 35, "rating": "3.9", "process": "Dry roast peanuts, sesame, coconut, and grind with spices to a paste.\r\nSlit brinjals and shallow fry them till half-cooked.\r\nSautΘ onions, ginger-garlic paste, and the masala paste.\r\nAdd tamarind pulp, water, and fried brinjals, simmer till soft.\r\nGarnish with coriander and serve with biryani or rice.", "created_by": ["pavan"], "created_at": "2025-06-18T07:02:30.952Z", "price": "100.00", "is_public": true}}, {"model": "recipes.recipe", "pk": 24, "fields": {"title": "Chapati with Dal Tadka", "image": "recipes/chapathidal.jpg", "description": "Wheat flatbread served with tempered lentils.", "category": 3, "preparation_time": 20, "cooking_time": 45, "rating": "4.5", "process": "Knead wheat flour with water and salt into a soft dough.\r\nRoll and roast chapatis on a hot tawa with light ghee.\r\nCook toor/moong dal with turmeric, salt, and mash well.\r\nTemper mustard, cumin, garlic, red chillies, and curry leaves in ghee.\r\nPour over dal, garnish with coriander, and serve with hot chapatis.", "created_by": ["benjohn"], "created_at": "2025-06-18T07:04:35.220Z", "price": "100.00", "is_public": true}}, {"model": "recipes.recipe", "pk": 25, "fields": {"title": "Kadai Paneer", "image": "recipes/kadaipaneer_oSVK3pn.webp", "description": "Kadai paneer is a restaurant style delicious spicy paneer recipe made with fresh ground kadai masala, paneer, onions, tomatoes & bell peppers.", "category": 2, "preparation_time": 10, "cooking_time": 30, "rating": "4.0", "process": "Dry roast coriander seeds and red chillies, grind to a coarse powder.\r\nSautΘ onions, ginger-garlic paste, and capsicum in oil.\r\nAdd tomatoes, salt, turmeric, and the ground kadai masala, cook till oil separates.\r\nToss in paneer cubes, kasuri methi, and simmer for 5 minutes.\r\nGarnish with coriander and serve hot with naan or roti.", "created_by": ["benjohn"], "created_at": "2025-06-18T07:06:45.512Z", "price": "100.00", "is_public": true}}, {"model": "recipes.recipe", "pk": 26, "fields": {"title": "PineAplle Cake", "image": "recipes/pinapple.jpeg", "description": "This cake is full of crushed pineapple for flavor and moisture.", "category": 5, "preparation_time": 25, "cooking_time": 45, "rating": "5.0", "process": "Beat butter and sugar till creamy, then add eggs and vanilla.\r\nMix flour, baking powder, and fold into the batter with pineapple pieces.\r\nPour into a greased tin and bake at 180░C for 30û35 minutes.\r\nCool the cake, optionally frost with whipped cream and pineapple slices.\r\nChill before serving for best taste.", "created_by": ["pavan"], "created_at": "2025-06-21T07:55:13.320Z", "price": "100.00", "is_public": true}}, {"model": "recipes.recipe", "pk": 27, "fields": {"title": "Semiya Upma", "image": "recipes/semiyaupma.jpeg", "description": "Vermicelli also called bambino is an easy and quick recipe with lots of vegetables which makes for a good breakfast.", "category": 1, "preparation_time": 5, "cooking_time": 15, "rating": "3.5", "process": "oast vermicelli (semiya) lightly until golden and set aside.\r\nHeat oil, mustard seeds, curry leaves, chopped green chilies, and onions till fragrant.\r\nAdd chopped vegetables (optional) and sautΘ briefly.\r\nPour water, salt, and bring to a boil.\r\nAdd roasted vermicelli, cook till water is absorbed, garnish with coriander, and serve hot.", "created_by": ["pavan"], "created_at": "2025-06-21T07:59:23.868Z", "price": "100.00", "is_public": true}}, {"model": "recipes.recipe", "pk": 28, "fields": {"title": "Tamarind Sambar", "image": "recipes/tamarind_nK3aa2z.jpg", "description": "Sambar is a South Indian lentil stew made with pigeon pea lentils, tamarind and a unique spice blend called sambar powder.", "category": 3, "preparation_time": 5, "cooking_time": 15, "rating": "5.0", "process": "Boil toor dal with turmeric and mash it well.\r\nSoak tamarind, extract pulp, and keep aside.\r\nCook chopped vegetables with salt and sambar powder.\r\nAdd tamarind pulp, mashed dal, and boil till flavors blend.\r\nTemper with mustard, curry leaves, red chillies, and serve hot.", "created_by": ["pavan"], "created_at": "2025-06-21T13:39:57.808Z", "price": "100.00", "is_public": true}}, {"model": "recipes.recipe", "pk": 29, "fields": {"title": "Mutton Biryani", "image": "recipes/muttonbiryani_iqhjZsN.jpg", "description": "Mutton Biryani is a guaranteed crowd-pleaser! This flavorful dish is a hit at my house.", "category": 3, "preparation_time": 20, "cooking_time": 90, "rating": "4.8", "process": "Marinate mutton with curd, spices, ginger-garlic paste, and rest 2 hours.\r\nCook basmati rice with whole spices till 70% done.\r\nSautΘ onions, green chillies, tomatoes, and marinated mutton in a biryani pot.\r\nLayer rice and mutton with fried onions, mint, and coriander.\r\nDum cook on low flame for 40û45 minutes and serve with raita.", "created_by": ["pavan"], "created_at": "2025-06-21T13:55:27.190Z", "price": "100.00", "is_public": true}}, {"model": "recipes.recipe", "pk": 30, "fields": {"title": "Egg Biryani", "image": "recipes/eggbiryani_g0R13D0.jpeg", "description": "Egg Biryani is a must-try recipe for all egg lovers as it promises to take your love for eggs to another level altogether.", "category": 3, "preparation_time": 15, "cooking_time": 45, "rating": "4.5", "process": "Boil eggs, peel, and shallow fry with salt and spices.\r\nCook basmati rice with whole garam masala till 90% done.\r\nIn a pan, sautΘ onions, green chillies, tomatoes, and biryani masala.\r\nLayer rice and masala alternately with fried eggs, mint, and fried onions.\r\nDum-cook for 15û20 minutes, serve hot with raita.", "created_by": ["pavan"], "created_at": "2025-06-21T14:02:50.933Z", "price": "100.00", "is_public": true}}, {"model": "recipes.recipe", "pk": 31, "fields": {"title": "Paneer biryani", "image": "recipes/panirbiryani_e38hfJK.jpg", "description": "Paneer Biryani is a super satisfying vegetarian meal with aromatic, fluffy basmati rice and pillowy soft chunks", "category": 2, "preparation_time": 10, "cooking_time": 40, "rating": "4.0", "process": "Marinate paneer cubes with curd, biryani masala, and lemon juice.\r\nCook basmati rice with spices till 80% done.\r\nSautΘ onions, ginger-garlic paste, tomatoes, and spices in ghee.\r\nLayer masala, paneer, and rice with mint, coriander, and fried onions.\r\nDum-cook on low for 20 minutes, serve with raita or salan.", "created_by": ["pavan"], "created_at": "2025-06-21T14:14:37.952Z", "price": "100.00", "is_public": true}}, {"model": "recipes.recipe", "pk": 32, "fields": {"title": "Chicken Hyderabadi Dum Biryani", "image": "recipes/biryani_D6EHZr6.png", "description": "Chicken Biryani is a fragrant and flavorful rice dish packed with tender chicken pieces marinated in yogurt and a blend of spices.", "category": 3, "preparation_time": 20, "cooking_time": 60, "rating": "4.8", "process": "Marinate chicken with curd, spices, fried onions, lemon juice, and mint for 2û3 hours.\r\nParboil basmati rice with whole spices.\r\nIn a biryani pot, layer marinated chicken and rice alternately, adding saffron milk and fried onions.\r\nSeal with dough and dum-cook on low flame for 45û50 minutes.\r\nServe hot with mirchi ka salan, raita, and lemon wedges.", "created_by": ["pavan"], "created_at": "2025-06-22T04:53:53.068Z", "price": "100.00", "is_public": true}}, {"model": "recipes.recipe", "pk": 42, "fields": {"title": "Apricot Delight", "image": "recipes/apricot_ZGpQT7T.jpeg", "description": "Apricots are a staple of summer. And theyÆre delicious in their purest form, which is fresh, sweet, and juicy.", "category": 5, "preparation_time": 20, "cooking_time": 45, "rating": "5.0", "process": "Soak dried apricots in warm water till soft, then mash coarsely.\r\nCook apricot pulp with sugar till it thickens slightly.\r\nLayer crushed biscuits at the base of a glass dish.\r\nPour apricot mix, top with whipped cream and chopped nuts.\r\nChill for a few hours and serve cold as a dessert.", "created_by": ["pavankumar"], "created_at": "2025-06-26T06:31:09.038Z", "price": "100.00", "is_public": true}}, {"model": "recipes.recipe", "pk": 43, "fields": {"title": "Chicken Samosa", "image": "recipes/chickensamosa_GI9r7O0.jpg", "description": "An unbelievably delicious and easy chicken samosa recipe with a crispy, golden crust and the tastiest spiced chicken filling.", "category": 4, "preparation_time": 20, "cooking_time": 15, "rating": "4.3", "process": "Cook minced chicken with onions, ginger-garlic paste, green chillies, and spices.\r\nLet the filling cool completely.\r\nPrepare samosa dough with maida, salt, oil, and water.\r\nRoll, cut, fill with chicken mixture, shape into cones, and seal.\r\nDeep fry till golden brown and crispy, serve hot with chutney.", "created_by": ["darkside"], "created_at": "2025-06-26T06:38:19.921Z", "price": "100.00", "is_public": true}}, {"model": "recipes.recipe", "pk": 44, "fields": {"title": "Dhahi Puri", "image": "recipes/dhahipuri1_JonIM4s.jpg", "description": "Dahi Puri is popular chaat snack that is crispy on the outside and soft on the inside.", "category": 4, "preparation_time": 15, "cooking_time": 20, "rating": "5.0", "process": "firstly, make a hole at the centre of puri with your thumb.\r\nfurther, stuff half tsp of boiled potatoes into each puris.\r\nfurthermore, take a cup of curd and mix sugar in it.\r\nfurther add green chutney onto each puri.\r\nthen also top with a tsp of curd.\r\nsprinkle chili powder, chaat masala and black salt or cooking salt.\r\nfinally, garnish with coriander leaves and serve sev puri immediately.", "created_by": ["wandavision"], "created_at": "2025-06-26T07:17:18.991Z", "price": "100.00", "is_public": true}}, {"model": "recipes.recipe", "pk": 45, "fields": {"title": "Egg Bhajji", "image": "recipes/eggbhajji_9KuzqC2.webp", "description": "This is a mouth-watering snack recipe which is prepared by boiling eggs and then dipping into a batter made of flour and spices.", "category": 4, "preparation_time": 10, "cooking_time": 15, "rating": "5.0", "process": "Hard boil eggs, peel them, and cut them in half.\r\nMix all the ingredients for batter to a smooth paste.\r\nHeat oil for deep frying.\r\nDip the halved eggs in the batter and fry in hot oil till golden.\r\nDrain on to some paper towel.\r\nServe with ketchup", "created_by": ["wandavision"], "created_at": "2025-06-26T07:29:22.275Z", "price": "100.00", "is_public": true}}, {"model": "recipes.recipe", "pk": 46, "fields": {"title": "Khasta Kachori", "image": "recipes/kachori_nYVcR7h.jpeg", "description": "Kastha Kachori is a delicious, spicy, fried puffed pastry and filled with spicy moong dal mixture and then deep fried.", "category": 4, "preparation_time": 5, "cooking_time": 10, "rating": "3.4", "process": "Take the dough and knead it for a minutes. Divide the dough in twelve equal parts.\r\nTake one part of the dough and with your fingers flatten the edges and make into 3-inch circle.\r\nFry them on medium-low heat. After they start to puff, slowly turn them over. Fry until golden-brown on both sides. If the kachoris are fried on high heat, they will get soft and will not be crispy.\r\nKachories can be stored for at least a week in an airtight container", "created_by": ["wandavision"], "created_at": "2025-06-26T08:19:39.473Z", "price": "100.00", "is_public": true}}, {"model": "recipes.recipe", "pk": 47, "fields": {"title": "Gunta Ponganalu", "image": "recipes/ponganalu_KjH1JmY.jpg", "description": "Gunta Ponganalu or Kuzhi Paniyaram is a savory dish made with left over dosa batter.", "category": 1, "preparation_time": 10, "cooking_time": 20, "rating": "4.5", "process": "Prepare dosa or idli batter and mix in chopped onions, green chillies, coriander, and cumin.\r\nHeat a ponganalu (appe) pan and add a little oil in each cavity.\r\nPour batter into the cavities and cook on medium flame.\r\nFlip when the sides are golden and cook the other side.\r\nServe hot with coconut chutney or peanut chutney.", "created_by": ["darkside"], "created_at": "2025-07-01T16:40:34.291Z", "price": "100.00", "is_public": true}}, {"model": "recipes.recipe", "pk": 48, "fields": {"title": "Chicken 65 Biryani", "image": "recipes/chciken65.webp", "description": "Chicken 65 biryani combines the flavors of Chicken 65, a spicy, deep-fried chicken dish, with aromatic biryani rice.", "category": 2, "preparation_time": 10, "cooking_time": 50, "rating": "4.8", "process": "Marinate chicken with curd, spices, ginger-garlic paste, and fry till crispy.\r\nCook basmati rice with whole spices till 90% done and set aside.\r\nIn a pan, sautΘ onions, green chillies, tomatoes, and biryani masala.\r\nLayer fried chicken and rice alternately, adding fried onions, mint, and coriander.\r\nDum cook for 20 minutes on low flame and serve hot with raita.", "created_by": ["lisavicari"], "created_at": "2025-07-02T05:51:11.735Z", "price": "100.00", "is_public": true}}, {"model": "recipes.recipe", "pk": 49, "fields": {"title": "Fish Biryani", "image": "recipes/fishbiryani.jpeg", "description": "Lightly spiced fish biryani made with a yogurt biryani sauce and cooked in one pot with layered fish, rice and saffron.", "category": 2, "preparation_time": 15, "cooking_time": 60, "rating": "4.5", "process": "Marinate fish pieces with spices, lemon juice, and shallow fry till golden.\r\nCook basmati rice with whole garam masala till 90% done.\r\nIn a pot, fry onions, green chillies, tomatoes, and biryani masala.\r\nLayer fish and rice alternately with mint, coriander, and fried onions.\r\nDum cook on low flame for 15û20 minutes and serve with lemon wedges.", "created_by": ["lisavicari"], "created_at": "2025-07-02T06:02:39.743Z", "price": "100.00", "is_public": true}}, {"model": "recipes.recipe", "pk": 50, "fields": {"title": "Gutti Vankaya Curry", "image": "recipes/guthivankaya.jpeg", "description": "Gutti Vankaya, a South Indian delicacy, beckons you into a world of rich spices and culinary charm.", "category": 3, "preparation_time": 10, "cooking_time": 40, "rating": "4.2", "process": "Prepare stuffing with roasted peanuts, sesame, coconut, and spices.\r\nSlit small brinjals and stuff them with the masala paste.\r\nFry the stuffed brinjals in oil till partially cooked.\r\nAdd tamarind pulp, water, and remaining masala, simmer till brinjals soften.\r\nGarnish with coriander and serve with hot rice or roti.", "created_by": ["lisavicari"], "created_at": "2025-07-02T06:45:54.142Z", "price": "100.00", "is_public": true}}, {"model": "recipes.recipe", "pk": 52, "fields": {"title": "Kaddu Ki Kheer", "image": "recipes/Milk-Kheer-Recipe-1.webp", "description": "Kaddu ki kheer with jaggery is an easy-to-cook, delectable dessert, made using red pumpkin, milk, ghee,  jaggery, saffron, cashews, and raisins.", "category": 5, "preparation_time": 10, "cooking_time": 20, "rating": "5.0", "process": "Peel and grate bottle gourd (kaddu), squeeze out excess water.\r\nBoil milk and simmer till it slightly thickens.\r\nAdd grated bottle gourd and cook till soft and milk reduces.\r\nStir in sugar, cardamom powder, and cook for 5 more minutes.\r\nGarnish with fried cashews, raisins, and serve warm or chilled.", "created_by": ["pavankumar"], "created_at": "2025-07-02T16:47:18.881Z", "price": "100.00", "is_public": true}}, {"model": "recipes.recipe", "pk": 53, "fields": {"title": "Chicken Tikka", "image": "recipes/tikka_1sruyHx.jpeg", "description": "Chicken tikka is a popular chicken dish in South Asia and amongst the South Asian diaspora.", "category": 6, "preparation_time": 10, "cooking_time": 20, "rating": "4.9", "process": "Marinate boneless chicken pieces with curd, ginger-garlic paste, lemon juice, and tikka spices.\r\nRest the marinated chicken for at least 2 hours.\r\nSkewer the pieces with capsicum, onion, and tomato slices.\r\nGrill on charcoal or tawa, basting with butter till cooked and charred.\r\nServe hot with green chutney, onion rings, and lemon wedges.", "created_by": ["darkside"], "created_at": "2025-07-03T08:42:48.102Z", "price": "100.00", "is_public": true}}, {"model": "recipes.recipe", "pk": 54, "fields": {"title": "Mexican Street Corn (Elote)", "image": "", "description": "This side is perfect for any cookout staple—try it with BBQ chicken or grilled steak—or, at a party, you could set up all of the toppings (adding a few wildcards, like scallions, crumbled bacon, and sriracha) and create a Build Your Own Elote Bar.", "category": 6, "preparation_time": 5, "cooking_time": 15, "rating": "2.0", "process": "Prepare a grill for medium-high heat; heat 5 minutes (or preheat a grill pan over medium-high heat).\r\n\r\nGrill corn, turning often, until slightly charred all over, about 10 minutes. \r\nMeanwhile, in a small bowl, mix mayonnaise and crema.\r\n\r\nTransfer corn to a platter. Brush with mayonnaise mixture. Top with cotija, chili powder, and cilantro. Serve warm or at room temperature with lime wedges alongside.", "created_by": ["lisavicari"], "created_at": "2025-12-25T11:21:26.053Z", "price": "100.00", "is_public": false}}, {"model": "recipes.recipe", "pk": 55, "fields": {"title": "Puppy Chow Recipe", "image": "", "description": "Puppy chow is a classic Midwestern snack and one of our all-time favorite no-bake desserts. It’s made from Chex cereal, melted chocolate, peanut butter, butter and any other toppings you’d like to add.", "category": 4, "preparation_time": 10, "cooking_time": 20, "rating": "3.0", "process": "Prepare our basic puppy chow recipe using Reese’s spread instead of peanut butter. When shaking the cereal mixture with powdered sugar in a large plastic bag, add halved mini peanut butter cups and Reese’s Pieces candy. Shake and pour onto a flat surface to set.", "created_by": ["lisavicari"], "created_at": "2025-12-25T15:31:46.507Z", "price": "100.00", "is_public": false}}, {"model": "recipes.recipe", "pk": 56, "fields": {"title": "Savory Cracker Snack Mix", "image": "", "description": "a friend suggested I make it even more versatile with something other than oyster crackers. Now it’s a deliciously addictive snack!", "category": 6, "preparation_time": 12, "cooking_time": 23, "rating": "3.0", "process": "Preheat oven to 350°. In a large bowl, combine potato sticks, crackers and pretzels. In a small saucepan, melt butter; stir in remaining ingredients. Drizzle over cracker mixture; toss to coat.", "created_by": ["lisavicari"], "created_at": "2025-12-25T15:46:52.671Z", "price": "100.00", "is_public": false}}, {"model": "recipes.recipe", "pk": 57, "fields": {"title": "Club Roll-Ups", "image": "", "description": "Packed with meat, cheese and olives, these roll-ups are always a hit at parties.", "category": 4, "preparation_time": 15, "cooking_time": 20, "rating": "5.0", "process": "In a small bowl, beat the cream cheese, ranch dressing and salad dressing mix until well blended. In another bowl, combine the bacon, onion, olives, pimientos and jalapenos.", "created_by": ["lisavicari"], "created_at": "2025-12-25T16:00:33.373Z", "price": "100.00", "is_public": false}}, {"model": "recipes.recipe", "pk": 58, "fields": {"title": "Savory Cracker Snack Mix", "image": "recipes/snacks_uMqIcWC.jpg", "description": "After trying a snack mix with the flavors of my favorite Everything bagel seasoning, a friend suggested I make it even more versatile with something other than oyster crackers.", "category": 4, "preparation_time": 10, "cooking_time": 20, "rating": "4.0", "process": "3/4 cup: 306 calories, 20g fat (7g saturated fat), 20mg cholesterol, 468mg sodium, 26g carbohydrate (1g sugars, 1g fiber), 5g protein.", "created_by": ["pavan"], "created_at": "2025-12-26T04:34:16.067Z", "price": "100.00", "is_public": false}}, {"model": "recipes.recipe", "pk": 59, "fields": {"title": "Chocolate Mocha Dusted Almonds", "image": "recipes/snacks1_NIrXyDj.jpg", "description": "I love to make recipes with nuts. These are chocolaty with a hint of coffee—elegant and addictive! I give them away as gifts.", "category": 4, "preparation_time": 5, "cooking_time": 15, "rating": "5.0", "process": "Microwave chocolate chips, covered, at 50% power, stirring once or twice, until melted, 3-4 minutes. Stir until smooth. Add almonds; mix until coated.\r\nRefrigerate until chocolate is set. Store in an airtight container in refrigerator.", "created_by": ["pavan"], "created_at": "2025-12-26T04:50:53.862Z", "price": "100.00", "is_public": false}}, {"model": "recipes.recipe", "pk": 60, "fields": {"title": "Quick Tortilla Pinwheels", "image": "", "description": "Fun to make and easy to enjoy, easy tortilla pinwheels are a food everyone will love and that you can customize in many ways.", "category": 3, "preparation_time": 15, "cooking_time": 29, "rating": "4.0", "process": "Combine the first 6 ingredients in a bowl; spread mixture on 1 side of each tortilla and roll up tightly. Cover and refrigerate for at least 1 hour. Slice into 1-in. pieces. Serve with salsa or picante sauce.", "created_by": ["pavan"], "created_at": "2025-12-26T04:59:22.431Z", "price": "100.00", "is_public": false}}, {"model": "recipes.recipe", "pk": 61, "fields": {"title": "Antipasto Skewers", "image": "recipes/snacks3_7ig94IE.jpg", "description": "Antipasto skewers—the finger-friendly Italian kabobs with marinated vegetables, cheeses and tortellini— are precisely what you need for your next gathering.", "category": 6, "preparation_time": 12, "cooking_time": 25, "rating": "4.0", "process": "Use bite-sized cheese tortellini to ensure they stay securely on the skewers and are easy to eat. You can use refrigerated, frozen or dried tortellini; just cook them according to the package instructions before marinating them.", "created_by": ["pavan"], "created_at": "2025-12-26T05:23:29.442Z", "price": "100.00", "is_public": false}}, {"model": "recipes.subscription", "pk": 1, "fields": {"email": "gpavankumar942@gmail.com", "subscribed_at": "2025-07-06T06:51:39.345Z"}}, {"model": "recipes.subscription", "pk": 9, "fields": {"email": "gpavankumar5050@gmail.com", "subscribed_at": "2025-12-17T12:51:43.061Z"}}, {"model": "recipes.subscription", "pk": 10, "fields": {"email": "gpavankumar500@gmail.com", "subscribed_at": "2025-12-17T12:51:50.988Z"}}, {"model": "recipes.purchasedrecipe", "pk": 14, "fields": {"user": ["benjohn"], "recipe": 1, "payment_id": "pay_QzEdRC6uPDlixS", "created_at": "2025-07-30T09:49:10.004Z"}}, {"model": "recipes.purchasedrecipe", "pk": 15, "fields": {"user": ["benjohn"], "recipe": 4, "payment_id": "pay_QzEdRC6uPDlixS", "created_at": "2025-07-30T09:49:10.047Z"}}, {"model": "recipes.purchasedrecipe", "pk": 17, "fields": {"user": ["benjohn"], "recipe": 10, "payment_id": "pay_QzXsGoupEyYNHC", "created_at": "2025-07-31T04:38:23.811Z"}}, {"model": "recipes.purchasedrecipe", "pk": 18, "fields": {"user": ["benjohn"], "recipe": 5, "payment_id": "pay_QzXsGoupEyYNHC", "created_at": "2025-07-31T04:38:23.789Z"}}, {"model": "recipes.purchasedrecipe", "pk": 28, "fields": {"user": ["lisavicari"], "recipe": 1, "payment_id": "pay_QzZ9PzkWMkCzcl", "created_at": "2025-07-31T05:53:19.563Z"}}, {"model": "recipes.purchasedrecipe", "pk": 29, "fields": {"user": ["benjohn"], "recipe": 16, "payment_id": "pay_R8E8SWLkyfPnLM", "created_at": "2025-08-22T03:10:51.878Z"}}, {"model": "recipes.purchasedrecipe", "pk": 30, "fields": {"user": ["benjohn"], "recipe": 14, "payment_id": "pay_R8E8SWLkyfPnLM", "created_at": "2025-08-22T03:10:51.875Z"}}, {"model": "recipes.purchasedrecipe", "pk": 31, "fields": {"user": ["lisavicari"], "recipe": 4, "payment_id": "pay_RPmOkpNupTE8rM", "created_at": "2025-10-05T11:44:54.365Z"}}, {"model": "recipes.purchasedrecipe", "pk": 32, "fields": {"user": ["lisavicari"], "recipe": 5, "payment_id": "pay_RPmOkpNupTE8rM", "created_at": "2025-10-05T11:44:54.410Z"}}, {"model": "recipes.purchasedrecipe", "pk": 35, "fields": {"user": ["prashanth432"], "recipe": 9, "payment_id": "pay_RQaBX9RdPTMdwn", "created_at": "2025-10-07T12:27:04.069Z"}}, {"model": "recipes.purchasedrecipe", "pk": 36, "fields": {"user": ["prashanth432"], "recipe": 6, "payment_id": "pay_RQaBX9RdPTMdwn", "created_at": "2025-10-07T12:27:04.056Z"}}, {"model": "recipes.purchasedrecipe", "pk": 37, "fields": {"user": ["lisavicari"], "recipe": 9, "payment_id": "pay_RsgkO7ZdwOInIo", "created_at": "2025-12-17T13:04:18.926Z"}}, {"model": "recipes.purchasedrecipe", "pk": 38, "fields": {"user": ["pavankumar"], "recipe": 7, "payment_id": "pay_RvPsJlIiQLnlhI", "created_at": "2025-12-24T10:31:02.821Z"}}, {"model": "recipes.purchasedrecipe", "pk": 39, "fields": {"user": ["pavankumar"], "recipe": 6, "payment_id": "pay_RvPsJlIiQLnlhI", "created_at": "2025-12-24T10:31:02.821Z"}}, {"model": "recipes.purchasedrecipe", "pk": 40, "fields": {"user": ["benjohn"], "recipe": 7, "payment_id": "pay_RvkbZFnJXYnsAw", "created_at": "2025-12-25T06:47:45.716Z"}}, {"model": "recipes.purchasedrecipe", "pk": 41, "fields": {"user": ["benjohn"], "recipe": 11, "payment_id": "pay_RvkdvmpozbJVok", "created_at": "2025-12-25T06:50:00.022Z"}}, {"model": "recipes.purchasedrecipe", "pk": 42, "fields": {"user": ["lisavicari"], "recipe": 8, "payment_id": "pay_RvkiGcPrWOSfQX", "created_at": "2025-12-25T06:54:06.516Z"}}, {"model": "recipes.purchasedrecipe", "pk": 43, "fields": {"user": ["lisavicari"], "recipe": 21, "payment_id": "pay_RvoRBIKRCd2SI4", "created_at": "2025-12-25T10:32:42.190Z"}}, {"model": "recipes.purchasedrecipe", "pk": 44, "fields": {"user": ["pavan"], "recipe": 1, "payment_id": "pay_Rw6mgGlUrA3Jve", "created_at": "2025-12-26T04:29:33.175Z"}}, {"model": "recipes.purchasedrecipe", "pk": 45, "fields": {"user": ["pavan"], "recipe": 4, "payment_id": "pay_Rw6mgGlUrA3Jve", "created_at": "2025-12-26T04:29:33.219Z"}}, {"model": "recipes.cartitem", "pk": 62, "fields": {"user": ["prashanth432"], "recipe": 45}}, {"model": "recipes.order", "pk": 23, "fields": {"user": ["lisavicari"], "recipe": 1, "payment_id": "pay_Qy74Chvxo3mIeU", "created_at": "2025-07-27T13:46:13.080Z"}}, {"model": "recipes.order", "pk": 25, "fields": {"user": ["benjohn"], "recipe": 5, "payment_id": "pay_Qy9m1dQic5Xz64", "created_at": "2025-07-27T16:24:50.045Z"}}, {"model": "recipes.order", "pk": 26, "fields": {"user": ["benjohn"], "recipe": 6, "payment_id": "pay_Qy9m1dQic5Xz64", "created_at": "2025-07-27T16:24:50.047Z"}}, {"model": "recipes.order", "pk": 27, "fields": {"user": ["benjohn"], "recipe": 11, "payment_id": "pay_Qy9m1dQic5Xz64", "created_at": "2025-07-27T16:24:50.098Z"}}, {"model": "recipes.order", "pk": 28, "fields": {"user": ["benjohn"], "recipe": 1, "payment_id": "pay_QzDilML5weKQgZ", "created_at": "2025-07-30T08:55:30.965Z"}}, {"model": "recipes.order", "pk": 29, "fields": {"user": ["benjohn"], "recipe": 4, "payment_id": "pay_QzDilML5weKQgZ", "created_at": "2025-07-30T08:55:30.965Z"}}, {"model": "recipes.order", "pk": 30, "fields": {"user": ["benjohn"], "recipe": 1, "payment_id": "pay_QzEdRC6uPDlixS", "created_at": "2025-07-30T09:49:09.991Z"}}, {"model": "recipes.order", "pk": 31, "fields": {"user": ["benjohn"], "recipe": 4, "payment_id": "pay_QzEdRC6uPDlixS", "created_at": "2025-07-30T09:49:09.991Z"}}, {"model": "recipes.order", "pk": 33, "fields": {"user": ["benjohn"], "recipe": 5, "payment_id": "pay_QzXsGoupEyYNHC", "created_at": "2025-07-31T04:38:23.771Z"}}, {"model": "recipes.order", "pk": 34, "fields": {"user": ["benjohn"], "recipe": 10, "payment_id": "pay_QzXsGoupEyYNHC", "created_at": "2025-07-31T04:38:23.774Z"}}, {"model": "recipes.order", "pk": 36, "fields": {"user": ["lisavicari"], "recipe": 1, "payment_id": "pay_QzYH7EYrDSm1fT", "created_at": "2025-07-31T05:01:54.939Z"}}, {"model": "recipes.order", "pk": 38, "fields": {"user": ["lisavicari"], "recipe": 1, "payment_id": "pay_QzYMrufHgYIe19", "created_at": "2025-07-31T05:07:21.802Z"}}, {"model": "recipes.order", "pk": 39, "fields": {"user": ["lisavicari"], "recipe": 4, "payment_id": "pay_QzYx22LcopZbui", "created_at": "2025-07-31T05:41:46.819Z"}}, {"model": "recipes.order", "pk": 40, "fields": {"user": ["lisavicari"], "recipe": 6, "payment_id": "pay_QzYx22LcopZbui", "created_at": "2025-07-31T05:41:46.821Z"}}, {"model": "recipes.order", "pk": 41, "fields": {"user": ["lisavicari"], "recipe": 4, "payment_id": "pay_QzZ5EcHlUM5zv4", "created_at": "2025-07-31T05:49:21.585Z"}}, {"model": "recipes.order", "pk": 42, "fields": {"user": ["lisavicari"], "recipe": 5, "payment_id": "pay_QzZ5EcHlUM5zv4", "created_at": "2025-07-31T05:49:21.624Z"}}, {"model": "recipes.order", "pk": 44, "fields": {"user": ["lisavicari"], "recipe": 1, "payment_id": "pay_QzZ9PzkWMkCzcl", "created_at": "2025-07-31T05:53:19.499Z"}}, {"model": "recipes.order", "pk": 45, "fields": {"user": ["benjohn"], "recipe": 14, "payment_id": "pay_R8E8SWLkyfPnLM", "created_at": "2025-08-22T03:10:51.845Z"}}, {"model": "recipes.order", "pk": 46, "fields": {"user": ["benjohn"], "recipe": 16, "payment_id": "pay_R8E8SWLkyfPnLM", "created_at": "2025-08-22T03:10:51.856Z"}}, {"model": "recipes.order", "pk": 47, "fields": {"user": ["lisavicari"], "recipe": 4, "payment_id": "pay_RPmOkpNupTE8rM", "created_at": "2025-10-05T11:44:54.344Z"}}, {"model": "recipes.order", "pk": 48, "fields": {"user": ["lisavicari"], "recipe": 5, "payment_id": "pay_RPmOkpNupTE8rM", "created_at": "2025-10-05T11:44:54.349Z"}}, {"model": "recipes.order", "pk": 49, "fields": {"user": ["pavan"], "recipe": 1, "payment_id": "pay_RPnd9MHtHnHFqe", "created_at": "2025-10-05T12:57:13.736Z"}}, {"model": "recipes.order", "pk": 51, "fields": {"user": ["prashanth432"], "recipe": 6, "payment_id": "pay_RQaBX9RdPTMdwn", "created_at": "2025-10-07T12:27:04.038Z"}}, {"model": "recipes.order", "pk": 52, "fields": {"user": ["prashanth432"], "recipe": 9, "payment_id": "pay_RQaBX9RdPTMdwn", "created_at": "2025-10-07T12:27:04.037Z"}}, {"model": "recipes.order", "pk": 53, "fields": {"user": ["lisavicari"], "recipe": 9, "payment_id": "pay_RsgkO7ZdwOInIo", "created_at": "2025-12-17T13:04:18.905Z"}}, {"model": "recipes.order", "pk": 54, "fields": {"user": ["benjohn"], "recipe": 14, "payment_id": "pay_RvOTf4GBTE9h8h", "created_at": "2025-12-24T09:09:01.338Z"}}, {"model": "recipes.order", "pk": 55, "fields": {"user": ["benjohn"], "recipe": 16, "payment_id": "pay_RvOTf4GBTE9h8h", "created_at": "2025-12-24T09:09:01.336Z"}}, {"model": "recipes.order", "pk": 56, "fields": {"user": ["benjohn"], "recipe": 16, "payment_id": "pay_RvOVWE0ENzGbdJ", "created_at": "2025-12-24T09:10:46.552Z"}}, {"model": "recipes.order", "pk": 57, "fields": {"user": ["benjohn"], "recipe": 5, "payment_id": "pay_RvOkywXTb26Rn5", "created_at": "2025-12-24T09:25:24.687Z"}}, {"model": "recipes.order", "pk": 58, "fields": {"user": ["pavankumar"], "recipe": 6, "payment_id": "pay_RvPsJlIiQLnlhI", "created_at": "2025-12-24T10:31:02.805Z"}}, {"model": "recipes.order", "pk": 59, "fields": {"user": ["pavankumar"], "recipe": 7, "payment_id": "pay_RvPsJlIiQLnlhI", "created_at": "2025-12-24T10:31:02.805Z"}}, {"model": "recipes.order", "pk": 60, "fields": {"user": ["benjohn"], "recipe": 5, "payment_id": "pay_RvkbZFnJXYnsAw", "created_at": "2025-12-25T06:47:45.676Z"}}, {"model": "recipes.order", "pk": 63, "fields": {"user": ["lisavicari"], "recipe": 8, "payment_id": "pay_RvkiGcPrWOSfQX", "created_at": "2025-12-25T06:54:06.502Z"}}, {"model": "recipes.order", "pk": 64, "fields": {"user": ["lisavicari"], "recipe": 21, "payment_id": "pay_RvoRBIKRCd2SI4", "created_at": "2025-12-25T10:32:42.167Z"}}, {"model": "recipes.order", "pk": 65, "fields": {"user": ["pavan"], "recipe": 1, "payment_id": "pay_Rw6mgGlUrA3Jve", "created_at": "2025-12-26T04:29:33.160Z"}}, {"model": "recipes.order", "pk": 66, "fields": {"user": ["pavan"], "recipe": 4, "payment_id": "pay_Rw6mgGlUrA3Jve", "created_at": "2025-12-26T04:29:33.164Z"}}, {"model": "admin.logentry", "pk": 1, "fields": {"action_time": "2025-06-18T04:07:08.751Z", "user": ["pavan"], "content_type": ["recipes", "category"], "object_id": "1", "object_repr": "Category object (1)", "action_flag": 1, "change_message": "[{\"added\": {}}]"}}, {"model": "admin.logentry", "pk": 2, "fields": {"action_time": "2025-06-18T04:07:15.534Z", "user": ["pavan"], "content_type": ["recipes", "category"], "object_id": "2", "object_repr": "Category object (2)", "action_flag": 1, "change_message": "[{\"added\": {}}]"}}, {"model": "admin.logentry", "pk": 3, "fields": {"action_time": "2025-06-18T04:07:24.232Z", "user": ["pavan"], "content_type": ["recipes", "category"], "object_id": "3", "object_repr": "Category object (3)", "action_flag": 1, "change_message": "[{\"added\": {}}]"}}, {"model": "admin.logentry", "pk": 4, "fields": {"action_time": "2025-06-18T04:07:32.124Z", "user": ["pavan"], "content_type": ["recipes", "category"], "object_id": "4", "object_repr": "Category object (4)", "action_flag": 1, "change_message": "[{\"added\": {}}]"}}, {"model": "admin.logentry", "pk": 5, "fields": {"action_time": "2025-06-18T04:07:38.699Z", "user": ["pavan"], "content_type": ["recipes", "category"], "object_id": "5", "object_repr": "Category object (5)", "action_flag": 1, "change_message": "[{\"added\": {}}]"}}, {"model": "admin.logentry", "pk": 6, "fields": {"action_time": "2025-06-18T04:08:05.282Z", "user": ["pavan"], "content_type": ["recipes", "category"], "object_id": "6", "object_repr": "Category object (6)", "action_flag": 1, "change_message": "[{\"added\": {}}]"}}, {"model": "admin.logentry", "pk": 7, "fields": {"action_time": "2025-06-18T04:12:33.811Z", "user": ["pavan"], "content_type": ["recipes", "recipe"], "object_id": "1", "object_repr": "Recipe object (1)", "action_flag": 1, "change_message": "[{\"added\": {}}]"}}, {"model": "admin.logentry", "pk": 8, "fields": {"action_time": "2025-06-18T05:52:33.058Z", "user": ["pavan"], "content_type": ["recipes", "recipe"], "object_id": "3", "object_repr": "Idli-Sambar", "action_flag": 1, "change_message": "[{\"added\": {}}]"}}, {"model": "admin.logentry", "pk": 9, "fields": {"action_time": "2025-06-18T05:53:16.237Z", "user": ["pavan"], "content_type": ["recipes", "recipe"], "object_id": "4", "object_repr": "Aloo Paratha", "action_flag": 1, "change_message": "[{\"added\": {}}]"}}, {"model": "admin.logentry", "pk": 10, "fields": {"action_time": "2025-06-18T05:57:42.992Z", "user": ["pavan"], "content_type": ["recipes", "recipe"], "object_id": "6", "object_repr": "Poha", "action_flag": 1, "change_message": "[{\"added\": {}}]"}}, {"model": "admin.logentry", "pk": 11, "fields": {"action_time": "2025-06-18T05:58:19.209Z", "user": ["pavan"], "content_type": ["recipes", "recipe"], "object_id": "7", "object_repr": "Upma", "action_flag": 1, "change_message": "[{\"added\": {}}]"}}, {"model": "admin.logentry", "pk": 12, "fields": {"action_time": "2025-06-18T05:58:40.638Z", "user": ["pavan"], "content_type": ["recipes", "recipe"], "object_id": "8", "object_repr": "Pesarattu", "action_flag": 1, "change_message": "[{\"added\": {}}]"}}, {"model": "admin.logentry", "pk": 13, "fields": {"action_time": "2025-06-18T05:58:59.707Z", "user": ["pavan"], "content_type": ["recipes", "recipe"], "object_id": "9", "object_repr": "Egg Bhurji", "action_flag": 1, "change_message": "[{\"added\": {}}]"}}, {"model": "admin.logentry", "pk": 14, "fields": {"action_time": "2025-06-18T05:59:26.086Z", "user": ["pavan"], "content_type": ["recipes", "recipe"], "object_id": "10", "object_repr": "Chole Kulche", "action_flag": 1, "change_message": "[{\"added\": {}}]"}}, {"model": "admin.logentry", "pk": 15, "fields": {"action_time": "2025-06-18T05:59:45.920Z", "user": ["pavan"], "content_type": ["recipes", "recipe"], "object_id": "11", "object_repr": "Pongal", "action_flag": 1, "change_message": "[{\"added\": {}}]"}}, {"model": "admin.logentry", "pk": 16, "fields": {"action_time": "2025-06-18T06:00:10.402Z", "user": ["pavan"], "content_type": ["recipes", "recipe"], "object_id": "12", "object_repr": "Dhokla", "action_flag": 1, "change_message": "[{\"added\": {}}]"}}, {"model": "admin.logentry", "pk": 17, "fields": {"action_time": "2025-06-18T06:35:27.167Z", "user": ["pavan"], "content_type": ["recipes", "recipe"], "object_id": "14", "object_repr": "Butter Chicken", "action_flag": 1, "change_message": "[{\"added\": {}}]"}}, {"model": "admin.logentry", "pk": 18, "fields": {"action_time": "2025-06-18T06:36:10.356Z", "user": ["pavan"], "content_type": ["recipes", "recipe"], "object_id": "15", "object_repr": "Paneer Butter Masala", "action_flag": 1, "change_message": "[{\"added\": {}}]"}}, {"model": "admin.logentry", "pk": 19, "fields": {"action_time": "2025-06-18T06:37:11.194Z", "user": ["pavan"], "content_type": ["recipes", "recipe"], "object_id": "16", "object_repr": "Hyderabadi Biryani", "action_flag": 1, "change_message": "[{\"added\": {}}]"}}, {"model": "admin.logentry", "pk": 20, "fields": {"action_time": "2025-06-18T06:37:54.007Z", "user": ["pavan"], "content_type": ["recipes", "recipe"], "object_id": "17", "object_repr": "Rajma Chawal", "action_flag": 1, "change_message": "[{\"added\": {}}]"}}, {"model": "admin.logentry", "pk": 21, "fields": {"action_time": "2025-06-18T06:38:27.211Z", "user": ["pavan"], "content_type": ["recipes", "recipe"], "object_id": "18", "object_repr": "Andhra Fish Curry", "action_flag": 1, "change_message": "[{\"added\": {}}]"}}, {"model": "admin.logentry", "pk": 22, "fields": {"action_time": "2025-06-18T06:40:55.740Z", "user": ["pavan"], "content_type": ["recipes", "recipe"], "object_id": "19", "object_repr": "Palak Paneer", "action_flag": 1, "change_message": "[{\"added\": {}}]"}}, {"model": "admin.logentry", "pk": 23, "fields": {"action_time": "2025-06-18T06:57:27.885Z", "user": ["pavan"], "content_type": ["recipes", "recipe"], "object_id": "20", "object_repr": "Gongura Chicken", "action_flag": 1, "change_message": "[{\"added\": {}}]"}}, {"model": "admin.logentry", "pk": 24, "fields": {"action_time": "2025-06-18T06:59:42.521Z", "user": ["pavan"], "content_type": ["recipes", "recipe"], "object_id": "21", "object_repr": "Veg Pulao", "action_flag": 1, "change_message": "[{\"added\": {}}]"}}, {"model": "admin.logentry", "pk": 25, "fields": {"action_time": "2025-06-18T07:01:02.110Z", "user": ["pavan"], "content_type": ["recipes", "recipe"], "object_id": "22", "object_repr": "Chicken Chettinad", "action_flag": 1, "change_message": "[{\"added\": {}}]"}}, {"model": "admin.logentry", "pk": 26, "fields": {"action_time": "2025-06-18T07:02:30.959Z", "user": ["pavan"], "content_type": ["recipes", "recipe"], "object_id": "23", "object_repr": "Bagara Baingan", "action_flag": 1, "change_message": "[{\"added\": {}}]"}}, {"model": "admin.logentry", "pk": 27, "fields": {"action_time": "2025-06-18T07:04:35.224Z", "user": ["pavan"], "content_type": ["recipes", "recipe"], "object_id": "24", "object_repr": "Chapati with Dal Tadka", "action_flag": 1, "change_message": "[{\"added\": {}}]"}}, {"model": "admin.logentry", "pk": 28, "fields": {"action_time": "2025-06-18T07:06:45.522Z", "user": ["pavan"], "content_type": ["recipes", "recipe"], "object_id": "25", "object_repr": "Kadai Paneer", "action_flag": 1, "change_message": "[{\"added\": {}}]"}}, {"model": "admin.logentry", "pk": 29, "fields": {"action_time": "2025-06-23T12:38:43.066Z", "user": ["pavan"], "content_type": ["auth", "user"], "object_id": "5", "object_repr": "lisavicari", "action_flag": 3, "change_message": ""}}, {"model": "admin.logentry", "pk": 30, "fields": {"action_time": "2025-06-26T06:11:27.325Z", "user": ["pavan"], "content_type": ["recipes", "recipe"], "object_id": "41", "object_repr": "Badam Halva", "action_flag": 3, "change_message": ""}}, {"model": "admin.logentry", "pk": 31, "fields": {"action_time": "2025-06-26T06:11:27.325Z", "user": ["pavan"], "content_type": ["recipes", "recipe"], "object_id": "40", "object_repr": "Badam Halwa", "action_flag": 3, "change_message": ""}}, {"model": "admin.logentry", "pk": 32, "fields": {"action_time": "2025-06-26T06:11:27.325Z", "user": ["pavan"], "content_type": ["recipes", "recipe"], "object_id": "39", "object_repr": "Badam Halwa", "action_flag": 3, "change_message": ""}}, {"model": "admin.logentry", "pk": 33, "fields": {"action_time": "2025-06-26T06:11:27.325Z", "user": ["pavan"], "content_type": ["recipes", "recipe"], "object_id": "38", "object_repr": "Badam Halwa", "action_flag": 3, "change_message": ""}}, {"model": "admin.logentry", "pk": 34, "fields": {"action_time": "2025-06-26T06:11:27.325Z", "user": ["pavan"], "content_type": ["recipes", "recipe"], "object_id": "37", "object_repr": "Badam Halwa", "action_flag": 3, "change_message": ""}}, {"model": "admin.logentry", "pk": 35, "fields": {"action_time": "2025-06-26T06:11:27.325Z", "user": ["pavan"], "content_type": ["recipes", "recipe"], "object_id": "36", "object_repr": "Badam Halwa", "action_flag": 3, "change_message": ""}}, {"model": "admin.logentry", "pk": 36, "fields": {"action_time": "2025-06-26T06:11:27.325Z", "user": ["pavan"], "content_type": ["recipes", "recipe"], "object_id": "35", "object_repr": "Badam Halwa", "action_flag": 3, "change_message": ""}}, {"model": "admin.logentry", "pk": 37, "fields": {"action_time": "2025-06-26T06:11:27.325Z", "user": ["pavan"], "content_type": ["recipes", "recipe"], "object_id": "34", "object_repr": "Badam Halwa", "action_flag": 3, "change_message": ""}}, {"model": "admin.logentry", "pk": 38, "fields": {"action_time": "2025-06-26T06:11:27.325Z", "user": ["pavan"], "content_type": ["recipes", "recipe"], "object_id": "33", "object_repr": "Badam Halwa", "action_flag": 3, "change_message": ""}}, {"model": "admin.logentry", "pk": 39, "fields": {"action_time": "2025-06-30T08:20:46.120Z", "user": ["pavan"], "content_type": ["recipes", "recipe"], "object_id": "46", "object_repr": "Khasta Kachori", "action_flag": 2, "change_message": "[{\"changed\": {\"fields\": [\"Description\", \"Rating\"]}}]"}}, {"model": "admin.logentry", "pk": 40, "fields": {"action_time": "2025-07-01T16:44:11.924Z", "user": ["pavan"], "content_type": ["recipes", "recipe"], "object_id": "47", "object_repr": "Gunta Ponganalu", "action_flag": 2, "change_message": "[{\"changed\": {\"fields\": [\"Description\"]}}]"}}, {"model": "admin.logentry", "pk": 41, "fields": {"action_time": "2025-07-02T09:16:39.912Z", "user": ["pavan"], "content_type": ["auth", "user"], "object_id": "2", "object_repr": "testuser", "action_flag": 3, "change_message": ""}}, {"model": "admin.logentry", "pk": 42, "fields": {"action_time": "2025-07-02T10:17:39.464Z", "user": ["pavan"], "content_type": ["recipes", "recipe"], "object_id": "4", "object_repr": "Aloo Paratha", "action_flag": 2, "change_message": "[]"}}, {"model": "admin.logentry", "pk": 43, "fields": {"action_time": "2025-07-02T10:23:45.520Z", "user": ["pavan"], "content_type": ["recipes", "recipe"], "object_id": "1", "object_repr": "Masala Dosa", "action_flag": 2, "change_message": "[{\"changed\": {\"fields\": [\"Image\"]}}]"}}, {"model": "admin.logentry", "pk": 44, "fields": {"action_time": "2025-07-02T15:52:00.301Z", "user": ["pavan"], "content_type": ["auth", "user"], "object_id": "9", "object_repr": "rohith", "action_flag": 3, "change_message": ""}}, {"model": "admin.logentry", "pk": 45, "fields": {"action_time": "2025-07-03T09:00:39.441Z", "user": ["pavan"], "content_type": ["recipes", "recipe"], "object_id": "25", "object_repr": "Kadai Paneer", "action_flag": 2, "change_message": "[{\"changed\": {\"fields\": [\"Description\", \"Category\", \"Preparation time\", \"Cooking time\", \"Rating\", \"Process\"]}}]"}}, {"model": "admin.logentry", "pk": 46, "fields": {"action_time": "2025-07-03T09:02:04.239Z", "user": ["pavan"], "content_type": ["recipes", "recipe"], "object_id": "25", "object_repr": "Kadai Paneer", "action_flag": 2, "change_message": "[{\"changed\": {\"fields\": [\"Process\"]}}]"}}, {"model": "admin.logentry", "pk": 47, "fields": {"action_time": "2025-07-17T12:42:02.206Z", "user": ["pavan"], "content_type": ["recipes", "purchasedrecipe"], "object_id": "2", "object_repr": "lisavicari purchased Chole Kulche", "action_flag": 3, "change_message": ""}}, {"model": "admin.logentry", "pk": 48, "fields": {"action_time": "2025-07-17T12:42:02.206Z", "user": ["pavan"], "content_type": ["recipes", "purchasedrecipe"], "object_id": "1", "object_repr": "lisavicari purchased Pongal", "action_flag": 3, "change_message": ""}}, {"model": "admin.logentry", "pk": 49, "fields": {"action_time": "2025-07-17T13:39:43.026Z", "user": ["pavan"], "content_type": ["recipes", "order"], "object_id": "22", "object_repr": "Order object (22)", "action_flag": 3, "change_message": ""}}, {"model": "admin.logentry", "pk": 50, "fields": {"action_time": "2025-07-17T13:39:43.026Z", "user": ["pavan"], "content_type": ["recipes", "order"], "object_id": "21", "object_repr": "Order object (21)", "action_flag": 3, "change_message": ""}}, {"model": "admin.logentry", "pk": 51, "fields": {"action_time": "2025-07-17T13:39:43.026Z", "user": ["pavan"], "content_type": ["recipes", "order"], "object_id": "20", "object_repr": "Order object (20)", "action_flag": 3, "change_message": ""}}, {"model": "admin.logentry", "pk": 52, "fields": {"action_time": "2025-07-17T13:39:43.026Z", "user": ["pavan"], "content_type": ["recipes", "order"], "object_id": "19", "object_repr": "Order object (19)", "action_flag": 3, "change_message": ""}}, {"model": "admin.logentry", "pk": 53, "fields": {"action_time": "2025-07-17T13:39:43.026Z", "user": ["pavan"], "content_type": ["recipes", "order"], "object_id": "18", "object_repr": "Order object (18)", "action_flag": 3, "change_message": ""}}, {"model": "admin.logentry", "pk": 54, "fields": {"action_time": "2025-07-17T13:39:43.026Z", "user": ["pavan"], "content_type": ["recipes", "order"], "object_id": "17", "object_repr": "Order object (17)", "action_flag": 3, "change_message": ""}}, {"model": "admin.logentry", "pk": 55, "fields": {"action_time": "2025-07-17T13:39:43.026Z", "user": ["pavan"], "content_type": ["recipes", "order"], "object_id": "16", "object_repr": "Order object (16)", "action_flag": 3, "change_message": ""}}, {"model": "admin.logentry", "pk": 56, "fields": {"action_time": "2025-07-17T13:39:43.026Z", "user": ["pavan"], "content_type": ["recipes", "order"], "object_id": "15", "object_repr": "Order object (15)", "action_flag": 3, "change_message": ""}}, {"model": "admin.logentry", "pk": 57, "fields": {"action_time": "2025-07-17T13:39:43.026Z", "user": ["pavan"], "content_type": ["recipes", "order"], "object_id": "14", "object_repr": "Order object (14)", "action_flag": 3, "change_message": ""}}, {"model": "admin.logentry", "pk": 58, "fields": {"action_time": "2025-07-17T13:39:43.026Z", "user": ["pavan"], "content_type": ["recipes", "order"], "object_id": "13", "object_repr": "Order object (13)", "action_flag": 3, "change_message": ""}}, {"model": "admin.logentry", "pk": 59, "fields": {"action_time": "2025-07-17T13:39:43.026Z", "user": ["pavan"], "content_type": ["recipes", "order"], "object_id": "12", "object_repr": "Order object (12)", "action_flag": 3, "change_message": ""}}, {"model": "admin.logentry", "pk": 60, "fields": {"action_time": "2025-07-17T13:39:43.026Z", "user": ["pavan"], "content_type": ["recipes", "order"], "object_id": "11", "object_repr": "Order object (11)", "action_flag": 3, "change_message": ""}}, {"model": "admin.logentry", "pk": 61, "fields": {"action_time": "2025-07-17T13:39:43.026Z", "user": ["pavan"], "content_type": ["recipes", "order"], "object_id": "10", "object_repr": "Order object (10)", "action_flag": 3, "change_message": ""}}, {"model": "admin.logentry", "pk": 62, "fields": {"action_time": "2025-07-17T13:39:43.026Z", "user": ["pavan"], "content_type": ["recipes", "order"], "object_id": "9", "object_repr": "Order object (9)", "action_flag": 3, "change_message": ""}}, {"model": "admin.logentry", "pk": 63, "fields": {"action_time": "2025-07-17T13:39:43.026Z", "user": ["pavan"], "content_type": ["recipes", "order"], "object_id": "8", "object_repr": "Order object (8)", "action_flag": 3, "change_message": ""}}, {"model": "admin.logentry", "pk": 64, "fields": {"action_time": "2025-07-17T13:39:43.026Z", "user": ["pavan"], "content_type": ["recipes", "order"], "object_id": "7", "object_repr": "Order object (7)", "action_flag": 3, "change_message": ""}}, {"model": "admin.logentry", "pk": 65, "fields": {"action_time": "2025-07-17T13:39:43.026Z", "user": ["pavan"], "content_type": ["recipes", "order"], "object_id": "6", "object_repr": "Order object (6)", "action_flag": 3, "change_message": ""}}, {"model": "admin.logentry", "pk": 66, "fields": {"action_time": "2025-07-17T13:39:43.026Z", "user": ["pavan"], "content_type": ["recipes", "order"], "object_id": "5", "object_repr": "Order object (5)", "action_flag": 3, "change_message": ""}}, {"model": "admin.logentry", "pk": 67, "fields": {"action_time": "2025-07-17T13:39:43.026Z", "user": ["pavan"], "content_type": ["recipes", "order"], "object_id": "4", "object_repr": "Order object (4)", "action_flag": 3, "change_message": ""}}, {"model": "admin.logentry", "pk": 68, "fields": {"action_time": "2025-07-17T13:39:43.026Z", "user": ["pavan"], "content_type": ["recipes", "order"], "object_id": "3", "object_repr": "Order object (3)", "action_flag": 3, "change_message": ""}}, {"model": "admin.logentry", "pk": 69, "fields": {"action_time": "2025-07-17T13:39:43.026Z", "user": ["pavan"], "content_type": ["recipes", "order"], "object_id": "2", "object_repr": "Order object (2)", "action_flag": 3, "change_message": ""}}, {"model": "admin.logentry", "pk": 70, "fields": {"action_time": "2025-07-17T13:39:43.026Z", "user": ["pavan"], "content_type": ["recipes", "order"], "object_id": "1", "object_repr": "Order object (1)", "action_flag": 3, "change_message": ""}}, {"model": "admin.logentry", "pk": 71, "fields": {"action_time": "2025-07-17T13:39:52.458Z", "user": ["pavan"], "content_type": ["recipes", "purchasedrecipe"], "object_id": "6", "object_repr": "wandavision purchased Masala Dosa", "action_flag": 3, "change_message": ""}}, {"model": "admin.logentry", "pk": 72, "fields": {"action_time": "2025-07-17T13:39:52.458Z", "user": ["pavan"], "content_type": ["recipes", "purchasedrecipe"], "object_id": "5", "object_repr": "wandavision purchased Idli-Sambar", "action_flag": 3, "change_message": ""}}, {"model": "admin.logentry", "pk": 73, "fields": {"action_time": "2025-07-17T13:39:52.458Z", "user": ["pavan"], "content_type": ["recipes", "purchasedrecipe"], "object_id": "4", "object_repr": "darkside purchased Hyderabadi Biryani", "action_flag": 3, "change_message": ""}}, {"model": "admin.logentry", "pk": 74, "fields": {"action_time": "2025-07-17T13:39:52.458Z", "user": ["pavan"], "content_type": ["recipes", "purchasedrecipe"], "object_id": "3", "object_repr": "darkside purchased Paneer Butter Masala", "action_flag": 3, "change_message": ""}}, {"model": "admin.logentry", "pk": 75, "fields": {"action_time": "2025-07-18T07:19:20.106Z", "user": ["pavan"], "content_type": ["recipes", "cartitem"], "object_id": "9", "object_repr": "CartItem object (9)", "action_flag": 3, "change_message": ""}}, {"model": "admin.logentry", "pk": 76, "fields": {"action_time": "2025-07-18T07:19:20.106Z", "user": ["pavan"], "content_type": ["recipes", "cartitem"], "object_id": "8", "object_repr": "CartItem object (8)", "action_flag": 3, "change_message": ""}}, {"model": "admin.logentry", "pk": 77, "fields": {"action_time": "2025-07-27T16:20:22.452Z", "user": ["pavan"], "content_type": ["recipes", "purchasedrecipe"], "object_id": "8", "object_repr": "lisavicari purchased Idli-Sambar", "action_flag": 3, "change_message": ""}}, {"model": "admin.logentry", "pk": 78, "fields": {"action_time": "2025-07-27T16:20:22.452Z", "user": ["pavan"], "content_type": ["recipes", "purchasedrecipe"], "object_id": "7", "object_repr": "lisavicari purchased Masala Dosa", "action_flag": 3, "change_message": ""}}, {"model": "admin.logentry", "pk": 79, "fields": {"action_time": "2025-07-30T09:45:52.368Z", "user": ["pavan"], "content_type": ["recipes", "purchasedrecipe"], "object_id": "13", "object_repr": "benjohn purchased Aloo Paratha", "action_flag": 3, "change_message": ""}}, {"model": "admin.logentry", "pk": 80, "fields": {"action_time": "2025-07-30T09:45:52.368Z", "user": ["pavan"], "content_type": ["recipes", "purchasedrecipe"], "object_id": "12", "object_repr": "benjohn purchased Masala Dosa", "action_flag": 3, "change_message": ""}}, {"model": "admin.logentry", "pk": 81, "fields": {"action_time": "2025-07-30T09:45:52.368Z", "user": ["pavan"], "content_type": ["recipes", "purchasedrecipe"], "object_id": "11", "object_repr": "benjohn purchased Pongal", "action_flag": 3, "change_message": ""}}, {"model": "admin.logentry", "pk": 82, "fields": {"action_time": "2025-07-30T09:45:52.368Z", "user": ["pavan"], "content_type": ["recipes", "purchasedrecipe"], "object_id": "10", "object_repr": "benjohn purchased Poha", "action_flag": 3, "change_message": ""}}, {"model": "admin.logentry", "pk": 83, "fields": {"action_time": "2025-07-30T09:45:52.368Z", "user": ["pavan"], "content_type": ["recipes", "purchasedrecipe"], "object_id": "9", "object_repr": "benjohn purchased Chocolate Cake", "action_flag": 3, "change_message": ""}}, {"model": "admin.logentry", "pk": 84, "fields": {"action_time": "2025-07-31T05:06:36.994Z", "user": ["pavan"], "content_type": ["recipes", "purchasedrecipe"], "object_id": "20", "object_repr": "lisavicari purchased Masala Dosa", "action_flag": 3, "change_message": ""}}, {"model": "admin.logentry", "pk": 85, "fields": {"action_time": "2025-07-31T05:06:36.994Z", "user": ["pavan"], "content_type": ["recipes", "purchasedrecipe"], "object_id": "19", "object_repr": "lisavicari purchased Idli-Sambar", "action_flag": 3, "change_message": ""}}, {"model": "admin.logentry", "pk": 86, "fields": {"action_time": "2025-07-31T05:48:42.031Z", "user": ["pavan"], "content_type": ["recipes", "purchasedrecipe"], "object_id": "24", "object_repr": "lisavicari purchased Poha", "action_flag": 3, "change_message": ""}}, {"model": "admin.logentry", "pk": 87, "fields": {"action_time": "2025-07-31T05:48:42.031Z", "user": ["pavan"], "content_type": ["recipes", "purchasedrecipe"], "object_id": "23", "object_repr": "lisavicari purchased Aloo Paratha", "action_flag": 3, "change_message": ""}}, {"model": "admin.logentry", "pk": 88, "fields": {"action_time": "2025-07-31T05:52:41.734Z", "user": ["pavan"], "content_type": ["recipes", "purchasedrecipe"], "object_id": "26", "object_repr": "lisavicari purchased Chocolate Cake", "action_flag": 3, "change_message": ""}}, {"model": "admin.logentry", "pk": 89, "fields": {"action_time": "2025-07-31T05:52:41.734Z", "user": ["pavan"], "content_type": ["recipes", "purchasedrecipe"], "object_id": "25", "object_repr": "lisavicari purchased Aloo Paratha", "action_flag": 3, "change_message": ""}}, {"model": "admin.logentry", "pk": 90, "fields": {"action_time": "2025-07-31T05:52:41.734Z", "user": ["pavan"], "content_type": ["recipes", "purchasedrecipe"], "object_id": "22", "object_repr": "lisavicari purchased Masala Dosa", "action_flag": 3, "change_message": ""}}, {"model": "admin.logentry", "pk": 91, "fields": {"action_time": "2025-07-31T05:52:41.734Z", "user": ["pavan"], "content_type": ["recipes", "purchasedrecipe"], "object_id": "21", "object_repr": "lisavicari purchased Idli-Sambar", "action_flag": 3, "change_message": ""}}, {"model": "admin.logentry", "pk": 92, "fields": {"action_time": "2025-08-03T06:01:24.407Z", "user": ["pavan"], "content_type": ["auth", "user"], "object_id": "10", "object_repr": "zacksnyder", "action_flag": 3, "change_message": ""}}, {"model": "admin.logentry", "pk": 93, "fields": {"action_time": "2025-10-05T11:52:08.339Z", "user": ["pavan"], "content_type": ["recipes", "subscription"], "object_id": "3", "object_repr": "gpavankumar500@gmail.com", "action_flag": 3, "change_message": ""}}, {"model": "admin.logentry", "pk": 94, "fields": {"action_time": "2025-10-05T11:52:08.339Z", "user": ["pavan"], "content_type": ["recipes", "subscription"], "object_id": "2", "object_repr": "gpavankumar336@gmail.com", "action_flag": 3, "change_message": ""}}, {"model": "admin.logentry", "pk": 95, "fields": {"action_time": "2025-10-05T11:53:03.933Z", "user": ["pavan"], "content_type": ["recipes", "subscription"], "object_id": "4", "object_repr": "gpavankumar336@gmail.com", "action_flag": 3, "change_message": ""}}, {"model": "admin.logentry", "pk": 96, "fields": {"action_time": "2025-10-05T12:35:19.540Z", "user": ["pavan"], "content_type": ["recipes", "subscription"], "object_id": "5", "object_repr": "gpavankumar336@gmail.com", "action_flag": 3, "change_message": ""}}, {"model": "admin.logentry", "pk": 97, "fields": {"action_time": "2025-10-05T12:38:04.430Z", "user": ["pavan"], "content_type": ["recipes", "subscription"], "object_id": "6", "object_repr": "gpavankumar336@gmail.com", "action_flag": 3, "change_message": ""}}, {"model": "admin.logentry", "pk": 98, "fields": {"action_time": "2025-10-05T12:51:24.513Z", "user": ["pavan"], "content_type": ["recipes", "subscription"], "object_id": "7", "object_repr": "gpavankumar336@gmail.com", "action_flag": 3, "change_message": ""}}, {"model": "admin.logentry", "pk": 99, "fields": {"action_time": "2025-10-05T12:54:19.887Z", "user": ["pavan"], "content_type": ["recipes", "subscription"], "object_id": "8", "object_repr": "gpavankumar336@gmail.com", "action_flag": 3, "change_message": ""}}, {"model": "admin.logentry", "pk": 100, "fields": {"action_time": "2025-10-05T12:58:39.194Z", "user": ["pavan"], "content_type": ["recipes", "purchasedrecipe"], "object_id": "34", "object_repr": "pavan purchased Masala Dosa", "action_flag": 3, "change_message": ""}}, {"model": "admin.logentry", "pk": 101, "fields": {"action_time": "2025-10-05T12:58:39.194Z", "user": ["pavan"], "content_type": ["recipes", "purchasedrecipe"], "object_id": "33", "object_repr": "pavan purchased Idli-Sambar", "action_flag": 3, "change_message": ""}}, {"model": "admin.logentry", "pk": 102, "fields": {"action_time": "2025-12-25T06:51:45.327Z", "user": ["pavan"], "content_type": ["recipes", "order"], "object_id": "62", "object_repr": "Order object (62)", "action_flag": 3, "change_message": ""}}, {"model": "admin.logentry", "pk": 103, "fields": {"action_time": "2025-12-25T06:51:45.327Z", "user": ["pavan"], "content_type": ["recipes", "order"], "object_id": "61", "object_repr": "Order object (61)", "action_flag": 3, "change_message": ""}}, {"model": "admin.logentry", "pk": 104, "fields": {"action_time": "2025-12-26T04:51:35.869Z", "user": ["pavan"], "content_type": ["recipes", "recipe"], "object_id": "59", "object_repr": "Chocolate Mocha Dusted Almonds", "action_flag": 2, "change_message": "[{\"changed\": {\"fields\": [\"Image\"]}}]"}}, {"model": "admin.logentry", "pk": 105, "fields": {"action_time": "2025-12-26T04:52:51.970Z", "user": ["pavan"], "content_type": ["recipes", "recipe"], "object_id": "58", "object_repr": "Savory Cracker Snack Mix", "action_flag": 2, "change_message": "[{\"changed\": {\"fields\": [\"Image\"]}}]"}}]